[
  {"id":7430,"name":"null","level":"1","category":0,"minimapdot":true,"actions":[],"size":[1,1,0],"coordinates":[[6460,31100]],"colors":[]},
  {"id":7436,"name":"null","level":"1","category":0,"minimapdot":false,"actions":[],"size":[1,1,0],"coordinates":[[6488,31116]],"colors":[]},
  {"id":7433,"name":"null","level":"1","category":0,"minimapdot":true,"actions":[],"size":[1,1,0],"coordinates":[[6504,31068]],"colors":[]},
  {"id":7432,"name":"null","level":"1","category":0,"minimapdot":true,"actions":[],"size":[1,1,0],"coordinates":[[6516,31028]],"colors":[]},
  {"id":7434,"name":"null","level":"1","category":0,"minimapdot":true,"actions":[],"size":[1,1,0],"coordinates":[[6544,31160]],"colors":[]},
  {"id":7431,"name":"null","level":"1","category":0,"minimapdot":true,"actions":[],"size":[1,1,0],"coordinates":[[6556,31076]],"colors":[]},
  {"id":7435,"name":"null","level":"1","category":0,"minimapdot":true,"actions":[],"size":[1,1,0],"coordinates":[[6576,31152]],"colors":[]}
]