[
  {"id":4005,"name":"Dark beast","level":"182","category":0,"minimapdot":true,"actions":["Attack"],"size":[3,3,191],"coordinates":[[7952,31792],[7952,31772],[7960,31824],[7968,31804],[7972,31900],[7976,31840],[7976,31788],[7980,31828],[7984,31772],[7996,31876],[8000,31848],[8080,31792],[8084,31772],[8092,31808],[8096,31784],[8112,31788],[8116,31772],[8128,31800],[8132,31780]],"colors":[2768976,42,5137790,2969197,2343383,4214361,8690593,15068141,4211033,15394272]},
  {"id":1136,"name":"null","level":"1","category":0,"minimapdot":true,"actions":[],"size":[1,1,0],"coordinates":[[8000,31984],[8104,31976]],"colors":[]},
  {"id":1143,"name":"null","level":"1","category":0,"minimapdot":true,"actions":[],"size":[1,1,0],"coordinates":[[8032,31976]],"colors":[]},
  {"id":1117,"name":"null","level":"1","category":332,"minimapdot":true,"actions":[],"size":[1,1,0],"coordinates":[[8088,31964],[8096,31948]],"colors":[]},
  {"id":1148,"name":"null","level":"1","category":0,"minimapdot":true,"actions":[],"size":[1,1,0],"coordinates":[[8092,31980]],"colors":[]},
  {"id":6287,"name":"null","level":"0","category":0,"minimapdot":true,"actions":[],"size":[1,1,0],"coordinates":[[8144,31908]],"colors":[]},
  {"id":9237,"name":"null","level":"1","category":332,"minimapdot":true,"actions":[],"size":[1,1,0],"coordinates":[[8144,31896]],"colors":[]},
  {"id":4267,"name":"null","level":"46","category":1727,"minimapdot":true,"actions":[],"size":[1,1,0],"coordinates":[[8144,31864],[8156,31884]],"colors":[]},
  {"id":9236,"name":"null","level":"108","category":332,"minimapdot":true,"actions":[],"size":[1,1,0],"coordinates":[[8148,31884],[8152,31852],[8164,31876],[8176,31860]],"colors":[]},
  {"id":4262,"name":"null","level":"62","category":1726,"minimapdot":true,"actions":[],"size":[1,1,0],"coordinates":[[8172,31900],[8176,31852]],"colors":[]},
  {"id":9235,"name":"null","level":"1","category":0,"minimapdot":true,"actions":[],"size":[1,1,0],"coordinates":[[8176,31916]],"colors":[]}
]