[
  {"id":5490,"name":"null","level":"1","category":0,"minimapdot":false,"actions":[],"size":[2,2,0],"coordinates":[[8312,32580],[8328,32564],[8348,32548],[8360,32572],[8364,32584]],"colors":[]},
  {"id":5495,"name":"null","level":"1","category":0,"minimapdot":false,"actions":[],"size":[2,2,0],"coordinates":[[8312,32564],[8320,32548],[8340,32576],[8344,32560],[8364,32548]],"colors":[]},
  {"id":5494,"name":"null","level":"1","category":0,"minimapdot":false,"actions":[],"size":[2,2,0],"coordinates":[[8320,32572],[8328,32540],[8332,32580],[8332,32576],[8336,32556],[8352,32572]],"colors":[]},
  {"id":5496,"name":"null","level":"1","category":0,"minimapdot":false,"actions":[],"size":[2,2,0],"coordinates":[[8320,32560],[8336,32568],[8336,32548],[8348,32580],[8356,32564]],"colors":[]},
  {"id":368,"name":"Prison Pete","level":"0","category":0,"minimapdot":true,"actions":["Talk-to"],"size":[1,1,196],"coordinates":[[8372,32564]],"colors":[65536,9877468,9877468,7635341,10461097,14935015,9877468,7039858,14935015,10461097,7039858,11185077,4020855]}
]