[
  {"id":3420,"name":"Rabbit","level":"2","category":739,"minimapdot":true,"actions":["Attack"],"size":[1,1,52],"coordinates":[[8728,37304],[8732,37312],[8736,37324],[8740,37312],[8744,37304],[8752,37320]],"colors":[8165293,7835813,7440797,12303812,12633033,11386315,4214361]},
  {"id":3421,"name":"Rabbit","level":"2","category":739,"minimapdot":true,"actions":["Attack"],"size":[1,1,52],"coordinates":[[8732,37320]],"colors":[8165293,7835813,7440797,12303812,12633033,11386315,4214361]},
  {"id":3422,"name":"Rabbit","level":"2","category":739,"minimapdot":true,"actions":["Attack"],"size":[1,1,52],"coordinates":[[8736,37308],[8744,37308]],"colors":[8165293,7835813,7440797,12303812,12633033,11386315,4214361]},
  {"id":9242,"name":"null","level":"1","category":1395,"minimapdot":true,"actions":[],"size":[1,1,0],"coordinates":[[8952,37356]],"colors":[]}
]