[
  {"id":3440,"name":"Will o' the wisp","level":"0","category":0,"minimapdot":false,"actions":[],"size":[1,1,110],"coordinates":[[8988,37524],[8996,37520],[8996,37396],[9004,37388],[9036,37584],[9068,37536],[9068,37528],[9192,37380]],"colors":[9230332]},
  {"id":3441,"name":"Will o' the wisp","level":"0","category":0,"minimapdot":false,"actions":[],"size":[1,1,110],"coordinates":[[8992,37528],[8992,37520],[9004,37400],[9012,37392],[9072,37532],[9164,37380]],"colors":[9230332]},
  {"id":234,"name":"Butterfly","level":"0","category":248,"minimapdot":false,"actions":[],"size":[1,1,266],"coordinates":[[8996,37388],[9000,37400],[9000,37392],[9008,37384],[9012,37404],[9048,37524],[9056,37528],[9064,37512],[9072,37520],[9076,37540],[9076,37532],[9080,37536],[9080,37524]],"colors":[16119027,5664393]},
  {"id":238,"name":"Butterfly","level":"0","category":248,"minimapdot":false,"actions":[],"size":[1,1,189],"coordinates":[[9020,37564],[9048,37588],[9084,37612],[9176,37552],[9184,37604],[9192,37624]],"colors":[5664393,15323585,16316664,16565139]},
  {"id":4003,"name":"null","level":"1","category":0,"minimapdot":true,"actions":[],"size":[1,1,0],"coordinates":[[9040,37576]],"colors":[]},
  {"id":3418,"name":"Rod Fishing spot","level":"0","category":280,"minimapdot":false,"actions":["Lure","Bait"],"size":[1,1,34],"coordinates":[[9056,37396],[9068,37416],[9096,37436],[9100,37468],[9128,37436]],"colors":[15451648]},
  {"id":235,"name":"Butterfly","level":"0","category":248,"minimapdot":false,"actions":[],"size":[1,1,189],"coordinates":[[9072,37516]],"colors":[5664393,15323585,16316664,16565139]},
  {"id":3420,"name":"Rabbit","level":"2","category":739,"minimapdot":true,"actions":["Attack"],"size":[1,1,52],"coordinates":[[9116,37552],[9184,37428]],"colors":[8165293,7835813,7440797,12303812,12633033,11386315,4214361]},
  {"id":3421,"name":"Rabbit","level":"2","category":739,"minimapdot":true,"actions":["Attack"],"size":[1,1,52],"coordinates":[[9180,37428]],"colors":[8165293,7835813,7440797,12303812,12633033,11386315,4214361]},
  {"id":3422,"name":"Rabbit","level":"2","category":739,"minimapdot":true,"actions":["Attack"],"size":[1,1,52],"coordinates":[[9184,37432]],"colors":[8165293,7835813,7440797,12303812,12633033,11386315,4214361]}
]