[
  {"id":8900,"name":"null","level":"1","category":0,"minimapdot":true,"actions":[],"size":[1,1,0],"coordinates":[[9232,11212]],"colors":[]},
  {"id":8896,"name":"null","level":"1","category":0,"minimapdot":true,"actions":[],"size":[1,1,0],"coordinates":[[9248,11224]],"colors":[]},
  {"id":8820,"name":"null","level":"1","category":0,"minimapdot":true,"actions":[],"size":[1,1,0],"coordinates":[[9248,11172]],"colors":[]},
  {"id":3104,"name":"null","level":"18","category":0,"minimapdot":true,"actions":[],"size":[1,1,0],"coordinates":[[9252,11016],[9260,11024],[9272,11040],[9276,11020],[9288,11044],[9292,11056],[9292,11020],[9304,11036],[9324,11020],[9332,11024],[9336,11016],[9340,11040],[9352,11052],[9352,11024],[9360,11036],[9364,11020],[9368,11068],[9368,11064],[9372,11032],[9380,11024],[9384,11012],[9388,11012],[9392,11056]],"colors":[]},
  {"id":4551,"name":"Niloof","level":"0","category":0,"minimapdot":true,"actions":["Talk-to"],"size":[1,1,154],"coordinates":[[9260,11204]],"colors":[4026512,9877468,65536,4817034,1073516,11185077,4018295,6394267,8158597,3752883,11185077,9877468,4020855,1065049,11711164]},
  {"id":8916,"name":"null","level":"1","category":0,"minimapdot":true,"actions":[],"size":[1,1,0],"coordinates":[[9272,11196]],"colors":[]},
  {"id":8905,"name":"null","level":"1","category":0,"minimapdot":true,"actions":[],"size":[1,1,0],"coordinates":[[9284,11236]],"colors":[]},
  {"id":4552,"name":"Klank","level":"0","category":0,"minimapdot":true,"actions":["Talk-to"],"size":[1,1,154],"coordinates":[[9292,11212]],"colors":[4026512,9877468,65536,4817034,1073516,11185077,4018295,6394267,8158597,3752883,11185077,9877468,4020855]},
  {"id":4553,"name":"Kamen","level":"0","category":0,"minimapdot":true,"actions":["Talk-to"],"size":[1,1,154],"coordinates":[[9300,11232]],"colors":[4026512,65536,9877468,4817034,1073516,11185077,4018295,6394267,8158597,3752883,11185077,9877468,4020855,1065049,11711164]},
  {"id":8909,"name":"null","level":"1","category":0,"minimapdot":true,"actions":[],"size":[1,1,0],"coordinates":[[9312,11244]],"colors":[]},
  {"id":8912,"name":"null","level":"1","category":0,"minimapdot":true,"actions":[],"size":[1,1,0],"coordinates":[[9312,11216]],"colors":[]}
]