[
  {"id":5425,"name":"null","level":"1","category":413,"minimapdot":true,"actions":[],"size":[1,1,0],"coordinates":[[9332,32628],[9380,32700],[9388,32652]],"colors":[]},
  {"id":2966,"name":"null","level":"1","category":413,"minimapdot":true,"actions":[],"size":[1,1,0],"coordinates":[[9332,32600],[9428,32680]],"colors":[]},
  {"id":2967,"name":"null","level":"1","category":413,"minimapdot":true,"actions":[],"size":[1,1,0],"coordinates":[[9336,32620],[9372,32660]],"colors":[]},
  {"id":2964,"name":"null","level":"1","category":413,"minimapdot":true,"actions":[],"size":[1,1,0],"coordinates":[[9360,32616],[9428,32624]],"colors":[]},
  {"id":2965,"name":"null","level":"1","category":413,"minimapdot":true,"actions":[],"size":[1,1,0],"coordinates":[[9384,32628],[9416,32672]],"colors":[]},
  {"id":1859,"name":"null","level":"1","category":0,"minimapdot":true,"actions":[],"size":[1,1,0],"coordinates":[[9392,32696]],"colors":[]},
  {"id":1858,"name":"null","level":"1","category":0,"minimapdot":true,"actions":[],"size":[1,1,0],"coordinates":[[9396,32688]],"colors":[]},
  {"id":2971,"name":"null","level":"1","category":0,"minimapdot":true,"actions":[],"size":[1,1,0],"coordinates":[[9408,32600]],"colors":[]},
  {"id":2970,"name":"null","level":"1","category":0,"minimapdot":true,"actions":[],"size":[1,1,0],"coordinates":[[9412,32644]],"colors":[]},
  {"id":2969,"name":"null","level":"1","category":0,"minimapdot":true,"actions":[],"size":[1,1,0],"coordinates":[[9420,32604]],"colors":[]}
]