[
  {"id":2020,"name":"null","level":"0","category":0,"minimapdot":true,"actions":[],"size":[1,1,0],"coordinates":[[9568,10868]],"colors":[]},
  {"id":2021,"name":"null","level":"0","category":0,"minimapdot":true,"actions":[],"size":[1,1,0],"coordinates":[[9568,10848]],"colors":[]},
  {"id":5284,"name":"Bonzara","level":"0","category":396,"minimapdot":true,"actions":["Talk-to"],"size":[1,1,92],"coordinates":[[9660,10788]],"colors":[6381927,6201525,13359069,7829905,6381927,6201525,65536,13359069]}
]