[
  {"id":5853,"name":"Baby tanglefoot","level":"45","category":714,"minimapdot":true,"actions":["Attack"],"size":[1,1,230],"coordinates":[[9492,32880],[9492,32864],[9508,32924],[9508,32884],[9568,32912]],"colors":[15394272,5157452,8167597,8562613,7442845,10208990,14720807]},
  {"id":5854,"name":"Baby tanglefoot","level":"45","category":714,"minimapdot":true,"actions":["Attack"],"size":[1,1,230],"coordinates":[[9500,32904],[9576,32916],[9588,32996]],"colors":[15394272,5157452,8167597,8562613,7442845,10208990,14720807]},
  {"id":6534,"name":"null","level":"1","category":0,"minimapdot":true,"actions":[],"size":[1,1,0],"coordinates":[[9604,32916]],"colors":[]},
  {"id":1023,"name":"null","level":"86","category":409,"minimapdot":true,"actions":[],"size":[1,1,0],"coordinates":[[9648,32948],[9664,32924],[9676,32932],[9680,32920],[9684,32948]],"colors":[]}
]