[
  {"id":9807,"name":"null","level":"1","category":0,"minimapdot":true,"actions":[],"size":[1,1,0],"coordinates":[[9592,26504]],"colors":[]},
  {"id":9809,"name":"null","level":"1","category":0,"minimapdot":true,"actions":[],"size":[1,1,0],"coordinates":[[9592,26488]],"colors":[]},
  {"id":9811,"name":"null","level":"1","category":0,"minimapdot":true,"actions":[],"size":[1,1,0],"coordinates":[[9600,26496]],"colors":[]},
  {"id":9806,"name":"null","level":"0","category":922,"minimapdot":true,"actions":[],"size":[1,1,0],"coordinates":[[9600,26484]],"colors":[]},
  {"id":9810,"name":"null","level":"1","category":0,"minimapdot":true,"actions":[],"size":[1,1,0],"coordinates":[[9608,26504]],"colors":[]},
  {"id":9808,"name":"null","level":"0","category":0,"minimapdot":true,"actions":[],"size":[1,1,0],"coordinates":[[9608,26488]],"colors":[]}
]