[
  {"id":5721,"name":"null","level":"0","category":0,"minimapdot":true,"actions":[],"size":[1,1,0],"coordinates":[[9764,38072]],"colors":[]},
  {"id":3291,"name":"Postie Pete","level":"0","category":0,"minimapdot":true,"actions":["Talk-to"],"size":[1,1,53],"coordinates":[[9780,38040]],"colors":[9885404,4013377,8858922,5723997,10113873,6349025,13225168,14212061,65536,5142421,5538466,7115181,12898777,11649741,12044241,13687520]},
  {"id":9392,"name":"null","level":"0","category":0,"minimapdot":true,"actions":[],"size":[1,1,0],"coordinates":[[9820,38092]],"colors":[]},
  {"id":4729,"name":"null","level":"1","category":0,"minimapdot":true,"actions":["Talk-to","Fly"],"size":[1,1,0],"coordinates":[[9840,37996]],"colors":[]}
]