[
  {"id":5842,"name":"Cow","level":"2","category":365,"minimapdot":true,"actions":["Talk-to","Attack"],"size":[2,2,150],"coordinates":[[9740,32660],[9756,32600],[9764,32636]],"colors":[4938587,12041665,12830667,2969177,16460,11844559,10463168,9344684,5137773,4020837,4013377,11712444,10461097]},
  {"id":5236,"name":"null","level":"0","category":349,"minimapdot":true,"actions":["Talk-to"],"size":[1,1,0],"coordinates":[[9744,32608],[9752,32616]],"colors":[]},
  {"id":5387,"name":"Blaec","level":"0","category":0,"minimapdot":true,"actions":["Talk-to"],"size":[1,1,197],"coordinates":[[9752,32660]],"colors":[65536,9877468,2972269,2972269,10790320,5938859,11373948,11705748,9877468,5938859,9877468,1055596,5867833,4020855,2110911]},
  {"id":3367,"name":"null","level":"1","category":0,"minimapdot":true,"actions":[],"size":[1,1,0],"coordinates":[[9760,32728],[9764,32712],[9784,32700],[9804,32736],[9804,32720],[9808,32704],[9896,32608],[9904,32664],[9924,32628],[9936,32576],[9952,32600],[9956,32716]],"colors":[]},
  {"id":404,"name":"Chaeldar","level":"0","category":289,"minimapdot":true,"actions":["Talk-to","Assignment","Trade","Rewards"],"size":[1,1,198],"coordinates":[[9776,32704]],"colors":[8684685,9877468,10790320,1055596,16711422,12045440,2783879,9145493,65536]},
  {"id":5849,"name":"null","level":"1","category":0,"minimapdot":true,"actions":[],"size":[1,1,0],"coordinates":[[9780,32720]],"colors":[]},
  {"id":5852,"name":"null","level":"1","category":0,"minimapdot":true,"actions":[],"size":[1,1,0],"coordinates":[[9780,32708]],"colors":[]},
  {"id":5850,"name":"null","level":"1","category":0,"minimapdot":true,"actions":[],"size":[1,1,0],"coordinates":[[9784,32720]],"colors":[]},
  {"id":5851,"name":"null","level":"1","category":0,"minimapdot":true,"actions":[],"size":[1,1,0],"coordinates":[[9792,32716]],"colors":[]},
  {"id":5835,"name":"Co-ordinator","level":"0","category":0,"minimapdot":true,"actions":["Talk-to"],"size":[1,1,207],"coordinates":[[9808,32624]],"colors":[16448250,13232363,14740202,1055596,9877468,4294299,12045440,4941176,65536]},
  {"id":5424,"name":"null","level":"0","category":349,"minimapdot":true,"actions":["Talk-to"],"size":[1,1,0],"coordinates":[[9808,32564],[9824,32560]],"colors":[]},
  {"id":234,"name":"Butterfly","level":"0","category":248,"minimapdot":false,"actions":[],"size":[1,1,266],"coordinates":[[9856,32744],[9864,32736],[9944,32572]],"colors":[16119027,5664393]},
  {"id":5840,"name":"Gatekeeper","level":"0","category":0,"minimapdot":true,"actions":["Talk-to"],"size":[1,1,231],"coordinates":[[9856,32684],[9864,32700],[9868,32676],[9884,32684]],"colors":[8170901,7445894,65536,4970221,6479604,5134957,5747405,7727100,7721724,5938859,8170901,4970221,7445894,7445894,8170901,4970221,65536,5134957,6720164]},
  {"id":235,"name":"Butterfly","level":"0","category":248,"minimapdot":false,"actions":[],"size":[1,1,189],"coordinates":[[9900,32592],[9920,32596],[9924,32612],[9952,32568]],"colors":[5664393,15323585,16316664,16565139]},
  {"id":3202,"name":"Lunderwin","level":"0","category":0,"minimapdot":true,"actions":["Talk-to"],"size":[1,1,197],"coordinates":[[9900,32568]],"colors":[16711422,1073680,1055596,14280151,9877468,14739946,12045440,65536]},
  {"id":3203,"name":"Irksol","level":"0","category":0,"minimapdot":true,"actions":["Talk-to","Trade"],"size":[1,1,165],"coordinates":[[9916,32552]],"colors":[5938859,9877468,5938859,5867833,65536,1055596,11303195]},
  {"id":9392,"name":"null","level":"0","category":0,"minimapdot":true,"actions":[],"size":[1,1,0],"coordinates":[[9924,32660]],"colors":[]},
  {"id":3201,"name":"Jukat","level":"0","category":0,"minimapdot":true,"actions":["Talk-to","Trade"],"size":[1,1,197],"coordinates":[[9936,32620]],"colors":[16711422,1073680,1055596,14280151,9877468,14739946,12045440,65536]},
  {"id":3204,"name":"Fairy","level":"0","category":0,"minimapdot":true,"actions":["Talk-to"],"size":[1,1,197],"coordinates":[[9944,32548]],"colors":[16711422,1073680,1055596,14280151,9877468,14739946,12045440,65536]}
]