[
  {"id":6205,"name":"null","level":"0","category":0,"minimapdot":true,"actions":[],"size":[1,1,0],"coordinates":[[10068,11408]],"colors":[]},
  {"id":4006,"name":"null","level":"1","category":0,"minimapdot":true,"actions":[],"size":[1,1,0],"coordinates":[[10148,11448]],"colors":[]},
  {"id":3435,"name":"null","level":"1","category":922,"minimapdot":true,"actions":[],"size":[1,1,0],"coordinates":[[10156,11464]],"colors":[]},
  {"id":3431,"name":"null","level":"1","category":922,"minimapdot":true,"actions":[],"size":[1,1,0],"coordinates":[[10160,11464]],"colors":[]},
  {"id":3983,"name":"null","level":"1","category":0,"minimapdot":true,"actions":[],"size":[1,1,0],"coordinates":[[10168,11452]],"colors":[]},
  {"id":1151,"name":"null","level":"1","category":922,"minimapdot":true,"actions":[],"size":[1,1,0],"coordinates":[[10180,11444]],"colors":[]},
  {"id":3430,"name":"null","level":"1","category":922,"minimapdot":true,"actions":[],"size":[1,1,0],"coordinates":[[10184,11448]],"colors":[]}
]