[
  {"id":1339,"name":"Seagull","level":"3","category":0,"minimapdot":true,"actions":["Attack"],"size":[1,1,131],"coordinates":[[10256,39008],[10264,38984],[10312,38980],[10296,39020],[10308,39000],[10316,39048],[10324,39024]],"colors":[7578041,6397113,13752023,4035266,14475488,6204637,15132904,2328782,65536,10661036,9871263,7831166,6712428,15394272]},
  {"id":7994,"name":"null","level":"0","category":249,"minimapdot":true,"actions":[],"size":[1,1,0],"coordinates":[[10276,38964]],"colors":[]},
  {"id":1262,"name":"Ram","level":"2","category":1319,"minimapdot":true,"actions":["Attack"],"size":[1,1,94],"coordinates":[[10304,38956]],"colors":[65536,7039858,13882329,14606050,16711422,15856115,16448250,14935015,65536,8684685,7039858,8158597,7566202,2136772,6381927,8290457,5142142,5669001,6719117,8493213]},
  {"id":7960,"name":"null","level":"0","category":922,"minimapdot":true,"actions":[],"size":[1,1,0],"coordinates":[[10344,38960]],"colors":[]},
  {"id":1334,"name":"null","level":"1","category":420,"minimapdot":true,"actions":[],"size":[1,1,0],"coordinates":[[10348,39024]],"colors":[]},
  {"id":1331,"name":"null","level":"1","category":420,"minimapdot":true,"actions":[],"size":[1,1,0],"coordinates":[[10356,39024]],"colors":[]}
]