[
  {"id":6181,"name":"null","level":"1","category":548,"minimapdot":true,"actions":[],"size":[1,1,0],"coordinates":[[10240,36872],[10244,36876],[10244,36868]],"colors":[]},
  {"id":520,"name":"Chaos druid","level":"13","category":0,"minimapdot":true,"actions":["Attack"],"size":[1,1,197],"coordinates":[[10244,37008],[10244,37000],[10252,37008],[10252,36996]],"colors":[65536,9877468,2972269,11185077,4020855,2972269,9877468,5938859,9877468,5938859,9877468,12234671,5867833,65536,1055596]},
  {"id":1509,"name":"Rod Fishing spot","level":"0","category":280,"minimapdot":false,"actions":["Lure","Bait"],"size":[1,1,34],"coordinates":[[10244,36932],[10264,36948]],"colors":[15451648]},
  {"id":9392,"name":"null","level":"0","category":0,"minimapdot":true,"actions":[],"size":[1,1,0],"coordinates":[[10268,36892]],"colors":[]},
  {"id":6204,"name":"null","level":"0","category":0,"minimapdot":true,"actions":[],"size":[1,1,0],"coordinates":[[10272,37092]],"colors":[]},
  {"id":3260,"name":"Warrior","level":"24","category":1728,"minimapdot":true,"actions":["Attack","Pickpocket"],"size":[1,1,192],"coordinates":[[10276,36880],[10288,36896],[10288,36876],[10300,36892]],"colors":[9877468,2972269,65536,9145493,7039858,4934480,11185077,9877468,12234671,9877468,9145493,11185077,10790320,4020855,11185077,3013115,11185077,1071989,10790320,9877468]},
  {"id":4249,"name":"Alrena","level":"0","category":0,"minimapdot":true,"actions":["Talk-to"],"size":[1,1,192],"coordinates":[[10292,37096]],"colors":[9877468,2972269,65536,4020855,5938859,9877468,5938859,12234671,9877468,1055596,5867833,65536,4288637,1781932,3013115,1464957,1803286,8684685,3203111,9877468]},
  {"id":5301,"name":"null","level":"1","category":0,"minimapdot":true,"actions":[],"size":[1,1,0],"coordinates":[[10328,37112]],"colors":[]},
  {"id":6705,"name":"null","level":"665","category":885,"minimapdot":true,"actions":[],"size":[1,1,0],"coordinates":[[10352,37064],[10452,37064]],"colors":[]},
  {"id":2011,"name":"null","level":"1","category":0,"minimapdot":true,"actions":[],"size":[1,1,0],"coordinates":[[10368,37084]],"colors":[]},
  {"id":3985,"name":"Farmer Brumty","level":"0","category":0,"minimapdot":true,"actions":["Talk-to"],"size":[1,1,196],"coordinates":[[10372,36996]],"colors":[65536,9877468,2972269,6712428,12937831,2972269,5938859,9877468,9877468,5938859,9877468,12234671,1055596,5867833,9877468,11185077,4020855]},
  {"id":3993,"name":"null","level":"1","category":549,"minimapdot":true,"actions":[],"size":[1,1,0],"coordinates":[[10384,36992]],"colors":[]},
  {"id":3992,"name":"null","level":"1","category":549,"minimapdot":true,"actions":[],"size":[1,1,0],"coordinates":[[10388,36988]],"colors":[]},
  {"id":3990,"name":"null","level":"1","category":549,"minimapdot":true,"actions":[],"size":[1,1,0],"coordinates":[[10388,36980]],"colors":[]},
  {"id":3991,"name":"null","level":"1","category":549,"minimapdot":true,"actions":[],"size":[1,1,0],"coordinates":[[10392,36984]],"colors":[]},
  {"id":6179,"name":"null","level":"1","category":548,"minimapdot":true,"actions":[],"size":[1,1,0],"coordinates":[[10436,37052],[10440,37056],[10440,37048]],"colors":[]},
  {"id":6182,"name":"null","level":"1","category":548,"minimapdot":true,"actions":[],"size":[1,1,0],"coordinates":[[10440,36864],[10444,36868],[10448,36864]],"colors":[]},
  {"id":6523,"name":"null","level":"1","category":249,"minimapdot":true,"actions":[],"size":[1,1,0],"coordinates":[[10460,37108]],"colors":[]},
  {"id":1618,"name":"Banker","level":"0","category":249,"minimapdot":true,"actions":["Talk-to","Bank","Collect"],"size":[1,1,198],"coordinates":[[10472,37108],[10476,37108]],"colors":[9877468,2972269,65536,5938859,9877468,5938859,1073781,12234671,9877468,5867833,1073762,4020855,11185077,9877468]},
  {"id":6180,"name":"null","level":"1","category":548,"minimapdot":true,"actions":[],"size":[1,1,0],"coordinates":[[10484,36960],[10488,36964],[10492,36960]],"colors":[]}
]