[
  {"id":5499,"name":"null","level":"3","category":269,"minimapdot":true,"actions":["Kill"],"size":[1,1,0],"coordinates":[[10388,31312],[10392,31332],[10420,31320]],"colors":[]},
  {"id":5498,"name":"null","level":"3","category":269,"minimapdot":true,"actions":["Kill"],"size":[1,1,0],"coordinates":[[10392,31320],[10424,31316],[10432,31340]],"colors":[]},
  {"id":5497,"name":"null","level":"3","category":269,"minimapdot":true,"actions":["Kill"],"size":[1,1,0],"coordinates":[[10396,31340],[10412,31332],[10440,31332]],"colors":[]},
  {"id":372,"name":"Freaky Forester","level":"0","category":0,"minimapdot":true,"actions":["Talk-to"],"size":[1,1,196],"coordinates":[[10396,31328]],"colors":[65536,9877468,2972269,2972269,9877468,5938859,5938859,9877468,12234671,2125241,1464957,9877468,16119287,4020855,1464957,2125241,1464957,2125241,14740202,3773881]},
  {"id":5501,"name":"null","level":"3","category":269,"minimapdot":true,"actions":["Kill"],"size":[1,1,0],"coordinates":[[10400,31320],[10412,31352],[10428,31328]],"colors":[]}
]