[
  {"id":1470,"name":"Rantz","level":"0","category":346,"minimapdot":true,"actions":["Talk-to","Claim-arrows"],"size":[2,2,226],"coordinates":[[10520,38504]],"colors":[12177629,4025975,8039621,13095386,6199733,7039858,12177629,14606050]},
  {"id":6259,"name":"null","level":"1","category":0,"minimapdot":true,"actions":[],"size":[1,1,0],"coordinates":[[10604,38580]],"colors":[]},
  {"id":6260,"name":"null","level":"1","category":0,"minimapdot":true,"actions":[],"size":[5,5,0],"coordinates":[[10620,38572]],"colors":[]}
]