[
  {"id":856,"name":"Crusher","level":"0","category":0,"minimapdot":true,"actions":[],"size":[1,1,137],"coordinates":[[10516,34216],[10532,34216]],"colors":[15394272,14868691,14539193,14666912]},
  {"id":857,"name":"Crusher","level":"0","category":0,"minimapdot":true,"actions":[],"size":[1,1,137],"coordinates":[[10520,34204],[10528,34204]],"colors":[15394272,14868691,14539193,14666912]},
  {"id":858,"name":"Crusher","level":"0","category":0,"minimapdot":true,"actions":[],"size":[1,1,137],"coordinates":[[10524,34216]],"colors":[15394272,14868691,14539193,14666912]},
  {"id":859,"name":"Crusher","level":"0","category":0,"minimapdot":true,"actions":[],"size":[1,1,137],"coordinates":[[10536,34204]],"colors":[15394272,14868691,14539193,14666912]}
]