[
  {"id":1173,"name":"Chicken","level":"1","category":444,"minimapdot":true,"actions":["Attack"],"size":[1,1,127],"coordinates":[[10764,37336],[10780,37332]],"colors":[10141136,4705505,11192279,10666452,2109620,5730424,2110916,6674155]},
  {"id":1174,"name":"Chicken","level":"1","category":444,"minimapdot":true,"actions":["Attack"],"size":[1,1,127],"coordinates":[[10764,37320],[10768,37344]],"colors":[10141136,4705505,11192279,10666452,2109620,5730424,2110916,6674155]},
  {"id":6249,"name":"null","level":"1","category":0,"minimapdot":true,"actions":["Talk-to"],"size":[1,1,0],"coordinates":[[10824,37288],[10868,37272],[10936,37292]],"colors":[]},
  {"id":5064,"name":"null","level":"1","category":0,"minimapdot":true,"actions":[],"size":[1,1,0],"coordinates":[[10840,37296]],"colors":[]},
  {"id":6243,"name":"null","level":"1","category":0,"minimapdot":true,"actions":["Talk-to"],"size":[1,1,0],"coordinates":[[10844,37260]],"colors":[]},
  {"id":6245,"name":"null","level":"1","category":0,"minimapdot":true,"actions":["Talk-to"],"size":[1,1,0],"coordinates":[[10860,37316],[10884,37260]],"colors":[]},
  {"id":6248,"name":"null","level":"1","category":0,"minimapdot":true,"actions":["Talk-to"],"size":[1,1,0],"coordinates":[[10864,37316],[10888,37260]],"colors":[]},
  {"id":6246,"name":"null","level":"1","category":0,"minimapdot":true,"actions":["Talk-to"],"size":[1,1,0],"coordinates":[[10864,37272],[10932,37292]],"colors":[]},
  {"id":5067,"name":"Caroline","level":"0","category":0,"minimapdot":true,"actions":["Talk-to"],"size":[1,1,192],"coordinates":[[10864,37220]],"colors":[9877468,2972269,65536,9877468,5938859,7039858,5992062,5938859,9877468,1055596,5867833,65536,4020855,11185077,9877468]},
  {"id":6252,"name":"null","level":"1","category":0,"minimapdot":true,"actions":[],"size":[1,1,0],"coordinates":[[10876,37212]],"colors":[]},
  {"id":5071,"name":"null","level":"1","category":0,"minimapdot":true,"actions":[],"size":[1,1,0],"coordinates":[[10880,37204]],"colors":[]},
  {"id":6244,"name":"null","level":"1","category":0,"minimapdot":true,"actions":["Talk-to"],"size":[1,1,0],"coordinates":[[10888,37296]],"colors":[]},
  {"id":6247,"name":"null","level":"1","category":0,"minimapdot":true,"actions":["Talk-to"],"size":[1,1,0],"coordinates":[[10912,37332],[10948,37228]],"colors":[]},
  {"id":6250,"name":"null","level":"1","category":0,"minimapdot":true,"actions":["Talk-to"],"size":[1,1,0],"coordinates":[[10916,37332]],"colors":[]},
  {"id":4789,"name":"Ezekial Lovecraft","level":"0","category":0,"minimapdot":true,"actions":["Talk-to","Shop"],"size":[1,1,202],"coordinates":[[10928,37268]],"colors":[2583936,7119533,3893105,8759992,8035497,1809000,2588763,7708924,5535940,9149864,7639457,15527407,14935015,13882329,1068633,5994366,7571385,4219797,7048596,65536,9877468,10728133,16579836,5938859,5938859,4296091,9877468,9877468,4283005,6720164,6145753,6400697,6138329]},
  {"id":6242,"name":"null","level":"1","category":0,"minimapdot":true,"actions":[],"size":[1,1,0],"coordinates":[[10960,37188]],"colors":[]}
]