[
  {"id":3622,"name":"Mine cart","level":"0","category":0,"minimapdot":true,"actions":[],"size":[1,1,104],"coordinates":[[10788,32436]],"colors":[6381927,9145493,7566202]},
  {"id":3623,"name":"Mine cart","level":"0","category":0,"minimapdot":true,"actions":[],"size":[1,1,104],"coordinates":[[10860,32364]],"colors":[6381927,9145493,7566202]},
  {"id":3621,"name":"Mine cart","level":"0","category":0,"minimapdot":true,"actions":[],"size":[1,1,104],"coordinates":[[10908,32392]],"colors":[6381927,9145493,7566202]},
  {"id":3624,"name":"Mine cart","level":"0","category":0,"minimapdot":true,"actions":[],"size":[1,1,104],"coordinates":[[10956,32316]],"colors":[6381927,9145493,7566202]}
]