[
  {"id":424,"name":"null","level":"0","category":0,"minimapdot":true,"actions":[],"size":[1,1,0],"coordinates":[[11028,38184]],"colors":[]},
  {"id":2909,"name":"Horned graahk","level":"50","category":473,"minimapdot":true,"actions":["Tease"],"size":[2,2,136],"coordinates":[[11064,38396]],"colors":[8168621,8563893,10073017,8163245,11917541,7833765,13360869,14148069,6387611,16632224,16490541,5730424]},
  {"id":530,"name":"Tribesman","level":"32","category":1739,"minimapdot":true,"actions":["Attack"],"size":[1,1,196],"coordinates":[[11084,38372],[11092,38360],[11108,38156],[11204,38160]],"colors":[65536,9877468,1781932,11185077,4020855,9877468,9877468,9877468,12234671,9877468,12234671,1463165,9877468,1781932,8158597,2133684,11185077]},
  {"id":3020,"name":"Jungle spider","level":"44","category":384,"minimapdot":false,"actions":["Attack"],"size":[1,1,22],"coordinates":[[11120,38312],[11120,38304]],"colors":[16512301,2805283,15543803,14690215,2967035,14935015,65536,15543803,16512301,2805283,14690215,2967035]},
  {"id":1173,"name":"Chicken","level":"1","category":444,"minimapdot":true,"actions":["Attack"],"size":[1,1,127],"coordinates":[[11120,38172],[11232,38160]],"colors":[10141136,4705505,11192279,10666452,2109620,5730424,2110916,6674155]},
  {"id":6236,"name":"null","level":"1","category":387,"minimapdot":true,"actions":[],"size":[1,1,0],"coordinates":[[11124,38200]],"colors":[]},
  {"id":3049,"name":"Hobgoblin","level":"28","category":442,"minimapdot":true,"actions":["Attack"],"size":[1,1,151],"coordinates":[[11148,38376],[11164,38376],[11176,38376]],"colors":[11185077,1073781,2768976,1801388,7566202,65536]},
  {"id":1174,"name":"Chicken","level":"1","category":444,"minimapdot":true,"actions":["Attack"],"size":[1,1,127],"coordinates":[[11152,38184],[11220,38172]],"colors":[10141136,4705505,11192279,10666452,2109620,5730424,2110916,6674155]},
  {"id":6238,"name":"null","level":"1","category":387,"minimapdot":true,"actions":[],"size":[1,1,0],"coordinates":[[11160,38212]],"colors":[]},
  {"id":4710,"name":"Fishing spot","level":"0","category":632,"minimapdot":false,"actions":["Net"],"size":[1,1,34],"coordinates":[[11164,38352],[11204,38388],[11228,38344]],"colors":[15451648]},
  {"id":6557,"name":"null","level":"1","category":387,"minimapdot":true,"actions":[],"size":[1,1,0],"coordinates":[[11176,38168]],"colors":[]},
  {"id":6559,"name":"null","level":"1","category":387,"minimapdot":true,"actions":[],"size":[1,1,0],"coordinates":[[11196,38240]],"colors":[]},
  {"id":6240,"name":"null","level":"1","category":387,"minimapdot":true,"actions":[],"size":[1,1,0],"coordinates":[[11200,38200]],"colors":[]}
]