[
  {"id":3620,"name":"Mine cart","level":"0","category":0,"minimapdot":false,"actions":[],"size":[1,1,104],"coordinates":[[11124,32580],[11132,32644],[11140,32640],[11140,32604],[11164,32640],[11164,32604],[11172,32644]],"colors":[6381927,9145493,7566202]},
  {"id":3618,"name":"Loading crane","level":"0","category":0,"minimapdot":false,"actions":[],"size":[3,3,472],"coordinates":[[11128,32596],[11148,32644],[11148,32624],[11172,32596]],"colors":[9878223,1802918,6197685,8158597,1464957]},
  {"id":3619,"name":"Innocent-looking key","level":"0","category":0,"minimapdot":false,"actions":["Take"],"size":[1,1,124],"coordinates":[[11152,32608]],"colors":[3003643]}
]