[
  {"id":5817,"name":"Iceberg","level":"0","category":0,"minimapdot":false,"actions":[],"size":[1,1,87],"coordinates":[[11268,34688],[11268,34572],[11272,34608],[11272,34572],[11280,34628],[11288,34680],[11292,34708],[11292,34608],[11308,34724],[11312,34708],[11312,34640],[11312,34588],[11316,34588],[11324,34568],[11336,34636],[11344,34608],[11344,34572],[11352,34580],[11360,34604],[11364,34568],[11368,34596],[11380,34564],[11488,34560]],"colors":[16316664,15724012,14868691,14539193,14666912]},
  {"id":5818,"name":"Iceberg","level":"0","category":0,"minimapdot":false,"actions":[],"size":[2,2,139],"coordinates":[[11268,34680],[11276,34568],[11284,34620],[11296,34672],[11300,34712],[11312,34580],[11320,34640],[11348,34608],[11348,34576],[11460,34560]],"colors":[16316664,15724012,14868691,14539193,14666912]},
  {"id":8422,"name":"Squirrel","level":"0","category":1402,"minimapdot":true,"actions":[],"size":[1,1,53],"coordinates":[[11352,34780],[11380,34724],[11408,34624],[11428,34764],[11512,34612]],"colors":[10462377,12304836,12042961,7829374,7567289,4205136,11185077]},
  {"id":4145,"name":"Mountain goat","level":"0","category":0,"minimapdot":true,"actions":[],"size":[1,1,95],"coordinates":[[11352,34736],[11360,34780],[11372,34768],[11376,34676],[11388,34636],[11392,34768],[11392,34620],[11444,34772],[11476,34764],[11484,34600],[11512,34624]],"colors":[2763309,4938343,4214361,5924205,10731205,11388363,9480880,8691873,4020837,2969177,8494237,9480880,10467776,65536,2136772,7040129,9348780,10205117,12045521]},
  {"id":8443,"name":"null","level":"0","category":1282,"minimapdot":true,"actions":["Talk-to"],"size":[2,2,0],"coordinates":[[11384,34692]],"colors":[]},
  {"id":713,"name":"Ice wolf","level":"132","category":310,"minimapdot":true,"actions":["Attack"],"size":[2,2,133],"coordinates":[[11392,34744],[11392,34724],[11400,34736],[11408,34744],[11408,34724]],"colors":[12305348,10661036,11516346,9871263,13752023,14475488,4934480,11911306,3885937,6381927,12308179]},
  {"id":8406,"name":"null","level":"0","category":236,"minimapdot":true,"actions":[],"size":[1,1,0],"coordinates":[[11392,34708]],"colors":[]},
  {"id":8454,"name":"Yellow Snow","level":"0","category":1282,"minimapdot":true,"actions":["Talk-to"],"size":[2,2,333],"coordinates":[[11404,34696]],"colors":[14868446,14275795,9802875,10592388,9998446,9274470,14868190,15460584,15855599,14275539,9539703,12234678,65536,9408664,8947856,10982578,11837376,10143696,11708335,8421769]},
  {"id":8450,"name":"Pebble","level":"0","category":1282,"minimapdot":true,"actions":["Talk-to"],"size":[2,2,333],"coordinates":[[11432,34704]],"colors":[14868446,14275795,9802875,10592388,9998446,9274470,14868190,15460584,15855599,14275539,9539703,12234678,65536,9408664,8947856,10982578,11837376,10143696,11708335,8421769]},
  {"id":8466,"name":"null","level":"0","category":1282,"minimapdot":true,"actions":[],"size":[2,2,0],"coordinates":[[11432,34684]],"colors":[]},
  {"id":8458,"name":"null","level":"0","category":1282,"minimapdot":true,"actions":[],"size":[2,2,0],"coordinates":[[11436,34692]],"colors":[]},
  {"id":8469,"name":"null","level":"0","category":922,"minimapdot":true,"actions":[],"size":[3,3,0],"coordinates":[[11456,34648]],"colors":[]},
  {"id":5554,"name":"Snowy knight","level":"0","category":0,"minimapdot":false,"actions":["Catch"],"size":[1,1,189],"coordinates":[[11456,34600],[11468,34612],[11480,34608],[11496,34620]],"colors":[5664393,15323585,16316664,16565139]},
  {"id":8468,"name":"null","level":"0","category":922,"minimapdot":true,"actions":[],"size":[2,2,0],"coordinates":[[11460,34644]],"colors":[]},
  {"id":8441,"name":"null","level":"0","category":922,"minimapdot":true,"actions":[],"size":[3,3,0],"coordinates":[[11472,34692]],"colors":[]},
  {"id":8462,"name":"null","level":"0","category":1282,"minimapdot":true,"actions":[],"size":[2,2,0],"coordinates":[[11476,34720]],"colors":[]},
  {"id":8465,"name":"null","level":"0","category":1284,"minimapdot":true,"actions":[],"size":[2,2,0],"coordinates":[[11480,34648]],"colors":[]},
  {"id":8477,"name":"null","level":"0","category":922,"minimapdot":true,"actions":[],"size":[3,3,0],"coordinates":[[11484,34704]],"colors":[]},
  {"id":8427,"name":"null","level":"0","category":922,"minimapdot":true,"actions":[],"size":[3,3,0],"coordinates":[[11484,34692]],"colors":[]},
  {"id":8457,"name":"null","level":"0","category":1284,"minimapdot":true,"actions":[],"size":[2,2,0],"coordinates":[[11484,34656]],"colors":[]},
  {"id":8433,"name":"null","level":"0","category":922,"minimapdot":true,"actions":[],"size":[1,1,0],"coordinates":[[11488,34692]],"colors":[]},
  {"id":8415,"name":"null","level":"0","category":309,"minimapdot":true,"actions":[],"size":[1,1,0],"coordinates":[[11488,34684]],"colors":[]},
  {"id":8461,"name":"null","level":"0","category":1284,"minimapdot":true,"actions":[],"size":[2,2,0],"coordinates":[[11488,34652]],"colors":[]},
  {"id":8408,"name":"null","level":"0","category":0,"minimapdot":true,"actions":[],"size":[1,1,0],"coordinates":[[11492,34684]],"colors":[]},
  {"id":8417,"name":"null","level":"0","category":922,"minimapdot":true,"actions":[],"size":[1,1,0],"coordinates":[[11496,34692]],"colors":[]},
  {"id":8436,"name":"null","level":"0","category":922,"minimapdot":true,"actions":[],"size":[2,2,0],"coordinates":[[11500,34688]],"colors":[]},
  {"id":8452,"name":"Goat Poo","level":"0","category":1282,"minimapdot":true,"actions":["Talk-to"],"size":[2,2,351],"coordinates":[[11504,34720]],"colors":[65536,14868190,14275539,15460584,15855599,10788488,11709588,11380604,10327937,11906946,9408664,8947856,10982578,11837376,10143696,12234678,11708335,8421769]},
  {"id":8416,"name":"null","level":"0","category":309,"minimapdot":true,"actions":[],"size":[1,1,0],"coordinates":[[11508,34640]],"colors":[]},
  {"id":8432,"name":"null","level":"0","category":0,"minimapdot":true,"actions":[],"size":[1,1,0],"coordinates":[[11512,34636]],"colors":[]},
  {"id":8437,"name":"null","level":"0","category":922,"minimapdot":true,"actions":[],"size":[2,2,0],"coordinates":[[11516,34644]],"colors":[]}
]